Band,Capture,Channel,PeakToPeakV,PositivePeakV,NegativePeakV,MaximumAbsoluteV,ThresholdV,SamplesAtOrBeyondThreshold,ThresholdFraction,AutoSaturated,FinalSaturated,DecisionSource,Reason
10mHzto50mHz_400s_50s_div,XD_ALL0017_F0017,1,0.36,0.2,-0.16,0.2,2.3,0,0,0,0,automático,|V| < 2.3 V durante el sweep
10mHzto50mHz_400s_50s_div,XD_ALL0017_F0017,2,0.448,0.224,-0.224,0.224,2.3,0,0,0,0,automático,|V| < 2.3 V durante el sweep
10mHzto50mHz_400s_50s_div,XD_ALL0017_F0017,3,0.52,0.3,-0.22,0.3,2.3,0,0,0,0,automático,|V| < 2.3 V durante el sweep
10mHzto50mHz_400s_50s_div,XD_ALL0017_F0017,4,2.56,1.32,-1.24,1.32,2.3,0,0,0,0,automático,|V| < 2.3 V durante el sweep
25mHzto250mHz_400s_50s_div,XD_ALL0014_F0014,1,2.88,1.52,-1.36,1.52,2.3,0,0,0,0,automático,|V| < 2.3 V durante el sweep
25mHzto250mHz_400s_50s_div,XD_ALL0014_F0014,2,3.2,1.68,-1.52,1.68,2.3,0,0,0,0,automático,|V| < 2.3 V durante el sweep
25mHzto250mHz_400s_50s_div,XD_ALL0014_F0014,3,1.968,0.984,-0.984,0.984,2.3,0,0,0,0,automático,|V| < 2.3 V durante el sweep
25mHzto250mHz_400s_50s_div,XD_ALL0014_F0014,4,4.88,2.44,-2.44,2.44,2.3,563,0.312604108828429,1,1,automático,|V| >= 2.3 V durante el sweep
25mHzto250mHz_400s_50s_div,XD_ALL0015_F0015,1,0.96,0.52,-0.44,0.52,2.3,0,0,0,0,automático,|V| < 2.3 V durante el sweep
25mHzto250mHz_400s_50s_div,XD_ALL0015_F0015,2,1.08,0.6,-0.48,0.6,2.3,0,0,0,0,automático,|V| < 2.3 V durante el sweep
25mHzto250mHz_400s_50s_div,XD_ALL0015_F0015,3,0.72,0.4,-0.32,0.4,2.3,0,0,0,0,automático,|V| < 2.3 V durante el sweep
25mHzto250mHz_400s_50s_div,XD_ALL0015_F0015,4,3.36,1.76,-1.6,1.76,2.3,0,0,0,0,automático,|V| < 2.3 V durante el sweep
25mHzto250mHz_400s_50s_div,XD_ALL0016_F0016,1,0.936,0.488,-0.448,0.488,2.3,0,0,0,0,automático,|V| < 2.3 V durante el sweep
25mHzto250mHz_400s_50s_div,XD_ALL0016_F0016,2,1.096,0.544,-0.552,0.552,2.3,0,0,0,0,automático,|V| < 2.3 V durante el sweep
25mHzto250mHz_400s_50s_div,XD_ALL0016_F0016,3,0.688,0.336,-0.352,0.352,2.3,0,0,0,0,automático,|V| < 2.3 V durante el sweep
25mHzto250mHz_400s_50s_div,XD_ALL0016_F0016,4,3.4,1.88,-1.52,1.88,2.3,0,0,0,0,automático,|V| < 2.3 V durante el sweep
100mHzto1Hz_200s_25s_div,XD_ALL0011_F0011,1,2.88,1.52,-1.36,1.52,2.3,0,0,0,0,automático,|V| < 2.3 V durante el sweep
100mHzto1Hz_200s_25s_div,XD_ALL0011_F0011,2,2.4,1.44,-0.96,1.44,2.3,0,0,0,0,automático,|V| < 2.3 V durante el sweep
100mHzto1Hz_200s_25s_div,XD_ALL0011_F0011,3,0.64,0.312,-0.328,0.328,2.3,0,0,0,0,automático,|V| < 2.3 V durante el sweep
100mHzto1Hz_200s_25s_div,XD_ALL0011_F0011,4,2.96,1.84,-1.12,1.84,2.3,0,0,0,0,automático,|V| < 2.3 V durante el sweep
100mHzto1Hz_200s_25s_div,XD_ALL0012_F0012,1,2.88,1.52,-1.36,1.52,2.3,0,0,0,0,automático,|V| < 2.3 V durante el sweep
100mHzto1Hz_200s_25s_div,XD_ALL0012_F0012,2,3.16,1.64,-1.52,1.64,2.3,0,0,0,0,automático,|V| < 2.3 V durante el sweep
100mHzto1Hz_200s_25s_div,XD_ALL0012_F0012,3,0.64,0.256,-0.384,0.384,2.3,0,0,0,0,automático,|V| < 2.3 V durante el sweep
100mHzto1Hz_200s_25s_div,XD_ALL0012_F0012,4,2.96,1.96,-1,1.96,2.3,0,0,0,0,automático,|V| < 2.3 V durante el sweep
100mHzto1Hz_200s_25s_div,XD_ALL0013_F0013,1,2.88,1.52,-1.36,1.52,2.3,0,0,0,0,automático,|V| < 2.3 V durante el sweep
100mHzto1Hz_200s_25s_div,XD_ALL0013_F0013,2,3.24,1.64,-1.6,1.64,2.3,0,0,0,0,automático,|V| < 2.3 V durante el sweep
100mHzto1Hz_200s_25s_div,XD_ALL0013_F0013,3,0.56,0.248,-0.312,0.312,2.3,0,0,0,0,automático,|V| < 2.3 V durante el sweep
100mHzto1Hz_200s_25s_div,XD_ALL0013_F0013,4,2.92,1.88,-1.04,1.88,2.3,0,0,0,0,automático,|V| < 2.3 V durante el sweep
100mHzto1Hz_200s_25s_div,Osciloscopio_ALL0000_F0000,1,1.28,0.72,-0.56,0.72,2.3,0,0,0,0,automático,|V| < 2.3 V durante el sweep
100mHzto1Hz_200s_25s_div,Osciloscopio_ALL0000_F0000,2,1.46,0.84,-0.62,0.84,2.3,0,0,0,0,automático,|V| < 2.3 V durante el sweep
100mHzto1Hz_200s_25s_div,Osciloscopio_ALL0000_F0000,3,0.84,0.54,-0.3,0.54,2.3,0,0,0,0,automático,|V| < 2.3 V durante el sweep
100mHzto1Hz_200s_25s_div,Osciloscopio_ALL0000_F0000,4,2.28,1.68,-0.6,1.68,2.3,0,0,0,0,automático,|V| < 2.3 V durante el sweep
500mHzto5Hz_40s_5s_div,XD_ALL0008_F0008,1,2.92,1.52,-1.4,1.52,2.3,0,0,0,0,automático,|V| < 2.3 V durante el sweep
500mHzto5Hz_40s_5s_div,XD_ALL0008_F0008,2,2.92,1.52,-1.4,1.52,2.3,0,0,0,0,automático,|V| < 2.3 V durante el sweep
500mHzto5Hz_40s_5s_div,XD_ALL0008_F0008,3,0.218,0.074,-0.144,0.144,2.3,0,0,0,0,automático,|V| < 2.3 V durante el sweep
500mHzto5Hz_40s_5s_div,XD_ALL0008_F0008,4,0.74,0.76,0.02,0.76,2.3,0,0,0,0,automático,|V| < 2.3 V durante el sweep
500mHzto5Hz_40s_5s_div,XD_ALL0009_F0009,1,2.92,1.52,-1.4,1.52,2.3,0,0,0,0,automático,|V| < 2.3 V durante el sweep
500mHzto5Hz_40s_5s_div,XD_ALL0009_F0009,2,1.84,1.48,-0.36,1.48,2.3,0,0,0,0,automático,|V| < 2.3 V durante el sweep
500mHzto5Hz_40s_5s_div,XD_ALL0009_F0009,3,0.26,0.07,-0.19,0.19,2.3,0,0,0,0,automático,|V| < 2.3 V durante el sweep
500mHzto5Hz_40s_5s_div,XD_ALL0009_F0009,4,0.76,0.82,0.06,0.82,2.3,0,0,0,0,automático,|V| < 2.3 V durante el sweep
500mHzto5Hz_40s_5s_div,XD_ALL0010_F0010,1,2.92,1.52,-1.4,1.52,2.3,0,0,0,0,automático,|V| < 2.3 V durante el sweep
500mHzto5Hz_40s_5s_div,XD_ALL0010_F0010,2,2.92,1.52,-1.4,1.52,2.3,0,0,0,0,automático,|V| < 2.3 V durante el sweep
500mHzto5Hz_40s_5s_div,XD_ALL0010_F0010,3,0.262,0.072,-0.19,0.19,2.3,0,0,0,0,automático,|V| < 2.3 V durante el sweep
500mHzto5Hz_40s_5s_div,XD_ALL0010_F0010,4,1.2,1.06,-0.14,1.06,2.3,0,0,0,0,automático,|V| < 2.3 V durante el sweep
500mHzto5Hz_40s_5s_div,Osciloscopio_ALL0000_F0000,1,1.2,0.68,-0.52,0.68,2.3,0,0,0,0,automático,|V| < 2.3 V durante el sweep
500mHzto5Hz_40s_5s_div,Osciloscopio_ALL0000_F0000,2,1.52,0.86,-0.66,0.86,2.3,0,0,0,0,automático,|V| < 2.3 V durante el sweep
500mHzto5Hz_40s_5s_div,Osciloscopio_ALL0000_F0000,3,0.76,0.38,-0.38,0.38,2.3,0,0,0,0,automático,|V| < 2.3 V durante el sweep
500mHzto5Hz_40s_5s_div,Osciloscopio_ALL0000_F0000,4,1.84,1.24,-0.6,1.24,2.3,0,0,0,0,automático,|V| < 2.3 V durante el sweep
2.5Hzto25Hz_8s_1s_div,XD_ALL0005_F0005,1,3.24,1.68,-1.56,1.68,2.3,0,0,0,0,automático,|V| < 2.3 V durante el sweep
2.5Hzto25Hz_8s_1s_div,XD_ALL0005_F0005,2,3.56,1.88,-1.68,1.88,2.3,0,0,0,0,automático,|V| < 2.3 V durante el sweep
2.5Hzto25Hz_8s_1s_div,XD_ALL0005_F0005,3,0.232,0.066,-0.166,0.166,2.3,0,0,0,0,automático,|V| < 2.3 V durante el sweep
2.5Hzto25Hz_8s_1s_div,XD_ALL0005_F0005,4,0.572,0.656,0.084,0.656,2.3,0,0,0,0,automático,|V| < 2.3 V durante el sweep
2.5Hzto25Hz_8s_1s_div,XD_ALL0007_F0007,1,3.2,1.68,-1.52,1.68,2.3,0,0,0,0,automático,|V| < 2.3 V durante el sweep
2.5Hzto25Hz_8s_1s_div,XD_ALL0007_F0007,2,3.28,1.68,-1.6,1.68,2.3,0,0,0,0,automático,|V| < 2.3 V durante el sweep
2.5Hzto25Hz_8s_1s_div,XD_ALL0007_F0007,3,0.26,0.064,-0.196,0.196,2.3,0,0,0,0,automático,|V| < 2.3 V durante el sweep
2.5Hzto25Hz_8s_1s_div,XD_ALL0007_F0007,4,0.584,0.676,0.092,0.676,2.3,0,0,0,0,automático,|V| < 2.3 V durante el sweep
2.5Hzto25Hz_8s_1s_div,Osciloscopio_ALL0000_F0000,1,1.24,0.72,-0.52,0.72,2.3,0,0,0,0,automático,|V| < 2.3 V durante el sweep
2.5Hzto25Hz_8s_1s_div,Osciloscopio_ALL0000_F0000,2,1.56,0.9,-0.66,0.9,2.3,0,0,0,0,automático,|V| < 2.3 V durante el sweep
2.5Hzto25Hz_8s_1s_div,Osciloscopio_ALL0000_F0000,3,0.82,0.48,-0.34,0.48,2.3,0,0,0,0,automático,|V| < 2.3 V durante el sweep
2.5Hzto25Hz_8s_1s_div,Osciloscopio_ALL0000_F0000,4,1.92,1.36,-0.56,1.36,2.3,0,0,0,0,automático,|V| < 2.3 V durante el sweep
2.5Hzto25Hz_8s_1s_div,Osciloscopio_calibracion_2026-07-21_ALL0000_F0000,1,3.28,1.8,-1.48,1.8,2.3,0,0,0,0,automático,|V| < 2.3 V durante el sweep
2.5Hzto25Hz_8s_1s_div,Osciloscopio_calibracion_2026-07-21_ALL0000_F0000,2,0.888,0.64,-0.248,0.64,2.3,0,0,0,0,automático,|V| < 2.3 V durante el sweep
2.5Hzto25Hz_8s_1s_div,Osciloscopio_calibracion_2026-07-21_ALL0000_F0000,3,0.96,0.6,-0.36,0.6,2.3,0,0,0,0,automático,|V| < 2.3 V durante el sweep
2.5Hzto25Hz_8s_1s_div,Osciloscopio_calibracion_2026-07-21_ALL0000_F0000,4,4.48,2.48,-2,2.48,2.3,265,0.147140477512493,1,1,automático,|V| >= 2.3 V durante el sweep
2.5Hzto25Hz_8s_1s_div,Osciloscopio_calibracion_2026-07-21_ALL0001_F0001,1,3.28,1.8,-1.48,1.8,2.3,0,0,0,0,automático,|V| < 2.3 V durante el sweep
2.5Hzto25Hz_8s_1s_div,Osciloscopio_calibracion_2026-07-21_ALL0001_F0001,2,0.28,0.128,-0.152,0.152,2.3,0,0,0,0,automático,|V| < 2.3 V durante el sweep
2.5Hzto25Hz_8s_1s_div,Osciloscopio_calibracion_2026-07-21_ALL0001_F0001,3,0.984,0.584,-0.4,0.584,2.3,0,0,0,0,automático,|V| < 2.3 V durante el sweep
2.5Hzto25Hz_8s_1s_div,Osciloscopio_calibracion_2026-07-21_ALL0001_F0001,4,4.4,2.48,-1.92,2.48,2.3,377,0.209328151027207,1,1,automático,|V| >= 2.3 V durante el sweep
10Hzto100Hz_2s_250ms_div,ALL0002_F0002,1,3.2,1.6,-1.6,1.6,2.3,0,0,0,0,automático,|V| < 2.3 V durante el sweep
10Hzto100Hz_2s_250ms_div,ALL0002_F0002,2,3.6,1.84,-1.76,1.84,2.3,0,0,0,0,automático,|V| < 2.3 V durante el sweep
10Hzto100Hz_2s_250ms_div,ALL0002_F0002,3,0.19,0.09,-0.1,0.1,2.3,0,0,0,0,automático,|V| < 2.3 V durante el sweep
10Hzto100Hz_2s_250ms_div,ALL0002_F0002,4,0.804,0.508,-0.296,0.508,2.3,0,0,0,0,automático,|V| < 2.3 V durante el sweep
10Hzto100Hz_2s_250ms_div,ALL0003_F0003,1,3.52,1.76,-1.76,1.76,2.3,0,0,0,0,automático,|V| < 2.3 V durante el sweep
10Hzto100Hz_2s_250ms_div,ALL0003_F0003,2,3.92,2,-1.92,2,2.3,0,0,0,0,automático,|V| < 2.3 V durante el sweep
10Hzto100Hz_2s_250ms_div,ALL0003_F0003,3,0.222,0.118,-0.104,0.118,2.3,0,0,0,0,automático,|V| < 2.3 V durante el sweep
10Hzto100Hz_2s_250ms_div,ALL0003_F0003,4,0.676,0.364,-0.312,0.364,2.3,0,0,0,0,automático,|V| < 2.3 V durante el sweep
10Hzto100Hz_2s_250ms_div,ALL0004_F0004,1,4.24,2.12,-2.12,2.12,2.3,0,0,0,0,automático,|V| < 2.3 V durante el sweep
10Hzto100Hz_2s_250ms_div,ALL0004_F0004,2,4.32,2.24,-2.08,2.24,2.3,0,0,0,0,automático,|V| < 2.3 V durante el sweep
10Hzto100Hz_2s_250ms_div,ALL0004_F0004,3,0.24,0.112,-0.128,0.128,2.3,0,0,0,0,automático,|V| < 2.3 V durante el sweep
10Hzto100Hz_2s_250ms_div,ALL0004_F0004,4,0.736,0.384,-0.352,0.384,2.3,0,0,0,0,automático,|V| < 2.3 V durante el sweep
10Hzto100Hz_2s_250ms_div,ALL0005_F0005,1,4.64,2.32,-2.32,2.32,2.3,8,0.00444197667962243,1,1,automático,|V| >= 2.3 V durante el sweep
10Hzto100Hz_2s_250ms_div,ALL0005_F0005,2,4.36,2.24,-2.12,2.24,2.3,0,0,0,0,automático,|V| < 2.3 V durante el sweep
10Hzto100Hz_2s_250ms_div,ALL0005_F0005,3,0.274,0.122,-0.152,0.152,2.3,0,0,0,0,automático,|V| < 2.3 V durante el sweep
10Hzto100Hz_2s_250ms_div,ALL0005_F0005,4,0.912,0.428,-0.484,0.484,2.3,0,0,0,0,automático,|V| < 2.3 V durante el sweep
10Hzto100Hz_2s_250ms_div,XD_ALL0003_F0003,1,3.24,1.68,-1.56,1.68,2.3,0,0,0,0,automático,|V| < 2.3 V durante el sweep
10Hzto100Hz_2s_250ms_div,XD_ALL0003_F0003,2,3.6,1.88,-1.72,1.88,2.3,0,0,0,0,automático,|V| < 2.3 V durante el sweep
10Hzto100Hz_2s_250ms_div,XD_ALL0003_F0003,3,0.332,0.17,-0.162,0.17,2.3,0,0,0,0,automático,|V| < 2.3 V durante el sweep
10Hzto100Hz_2s_250ms_div,XD_ALL0003_F0003,4,0.68,0.652,-0.028,0.652,2.3,0,0,0,0,automático,|V| < 2.3 V durante el sweep
10Hzto100Hz_2s_250ms_div,XD_ALL0004_F0004,1,3.24,1.68,-1.56,1.68,2.3,0,0,0,0,automático,|V| < 2.3 V durante el sweep
10Hzto100Hz_2s_250ms_div,XD_ALL0004_F0004,2,3.64,1.88,-1.76,1.88,2.3,0,0,0,0,automático,|V| < 2.3 V durante el sweep
10Hzto100Hz_2s_250ms_div,XD_ALL0004_F0004,3,0.194,0.08,-0.114,0.114,2.3,0,0,0,0,automático,|V| < 2.3 V durante el sweep
10Hzto100Hz_2s_250ms_div,XD_ALL0004_F0004,4,0.72,0.792,0.072,0.792,2.3,0,0,0,0,automático,|V| < 2.3 V durante el sweep
10Hzto100Hz_2s_250ms_div,Osciloscopio_ALL0000_F0000,1,1.2,0.72,-0.48,0.72,2.3,0,0,0,0,automático,|V| < 2.3 V durante el sweep
10Hzto100Hz_2s_250ms_div,Osciloscopio_ALL0000_F0000,2,1.52,0.92,-0.6,0.92,2.3,0,0,0,0,automático,|V| < 2.3 V durante el sweep
10Hzto100Hz_2s_250ms_div,Osciloscopio_ALL0000_F0000,3,0.82,0.54,-0.28,0.54,2.3,0,0,0,0,automático,|V| < 2.3 V durante el sweep
10Hzto100Hz_2s_250ms_div,Osciloscopio_ALL0000_F0000,4,1.72,1.16,-0.56,1.16,2.3,0,0,0,0,automático,|V| < 2.3 V durante el sweep
10Hzto100Hz_2s_250ms_div,Osciloscopio_calibracion_2026-07-21_ALL0001_F0001,1,3.04,1.68,-1.36,1.68,2.3,0,0,0,0,automático,|V| < 2.3 V durante el sweep
10Hzto100Hz_2s_250ms_div,Osciloscopio_calibracion_2026-07-21_ALL0001_F0001,2,3.32,1.84,-1.48,1.84,2.3,0,0,0,0,automático,|V| < 2.3 V durante el sweep
10Hzto100Hz_2s_250ms_div,Osciloscopio_calibracion_2026-07-21_ALL0001_F0001,3,0.912,0.584,-0.328,0.584,2.3,0,0,0,0,automático,|V| < 2.3 V durante el sweep
10Hzto100Hz_2s_250ms_div,Osciloscopio_calibracion_2026-07-21_ALL0001_F0001,4,4.28,2.44,-1.84,2.44,2.3,158,0.087729039422543,1,1,automático,|V| >= 2.3 V durante el sweep
10Hzto100Hz_2s_250ms_div,Osciloscopio_calibracion_2026-07-21_ALL0002_F0002,1,3.36,1.84,-1.52,1.84,2.3,0,0,0,0,automático,|V| < 2.3 V durante el sweep
10Hzto100Hz_2s_250ms_div,Osciloscopio_calibracion_2026-07-21_ALL0002_F0002,2,3.68,2.08,-1.6,2.08,2.3,0,0,0,0,automático,|V| < 2.3 V durante el sweep
10Hzto100Hz_2s_250ms_div,Osciloscopio_calibracion_2026-07-21_ALL0002_F0002,3,1.024,0.64,-0.384,0.64,2.3,0,0,0,0,automático,|V| < 2.3 V durante el sweep
10Hzto100Hz_2s_250ms_div,Osciloscopio_calibracion_2026-07-21_ALL0002_F0002,4,4.48,2.44,-2.04,2.44,2.3,397,0.220433092726263,1,1,automático,|V| >= 2.3 V durante el sweep
10Hzto100Hz_2s_250ms_div,Osciloscopio_calibracion_2026-07-21_ALL0003_F0003,1,3.68,2,-1.68,2,2.3,0,0,0,0,automático,|V| < 2.3 V durante el sweep
10Hzto100Hz_2s_250ms_div,Osciloscopio_calibracion_2026-07-21_ALL0003_F0003,2,3.8,2.08,-1.72,2.08,2.3,0,0,0,0,automático,|V| < 2.3 V durante el sweep
10Hzto100Hz_2s_250ms_div,Osciloscopio_calibracion_2026-07-21_ALL0003_F0003,3,1.14,0.72,-0.42,0.72,2.3,0,0,0,0,automático,|V| < 2.3 V durante el sweep
10Hzto100Hz_2s_250ms_div,Osciloscopio_calibracion_2026-07-21_ALL0003_F0003,4,4.72,2.44,-2.28,2.44,2.3,478,0.26540810660744,1,1,automático,|V| >= 2.3 V durante el sweep
50Hzto500Hz_400ms_50ms_div,XD_ALL0000_F0000,1,3.24,1.64,-1.6,1.64,2.3,0,0,0,0,automático,|V| < 2.3 V durante el sweep
50Hzto500Hz_400ms_50ms_div,XD_ALL0000_F0000,2,3.6,1.88,-1.72,1.88,2.3,0,0,0,0,automático,|V| < 2.3 V durante el sweep
50Hzto500Hz_400ms_50ms_div,XD_ALL0000_F0000,3,0.286,0.14,-0.146,0.146,2.3,0,0,0,0,automático,|V| < 2.3 V durante el sweep
50Hzto500Hz_400ms_50ms_div,XD_ALL0000_F0000,4,0.88,0.508,-0.372,0.508,2.3,0,0,0,0,automático,|V| < 2.3 V durante el sweep
50Hzto500Hz_400ms_50ms_div,XD_ALL0001_F0001,1,3.24,1.64,-1.6,1.64,2.3,0,0,0,0,automático,|V| < 2.3 V durante el sweep
50Hzto500Hz_400ms_50ms_div,XD_ALL0001_F0001,2,3.68,1.92,-1.76,1.92,2.3,0,0,0,0,automático,|V| < 2.3 V durante el sweep
50Hzto500Hz_400ms_50ms_div,XD_ALL0001_F0001,3,0.244,0.132,-0.112,0.132,2.3,0,0,0,0,automático,|V| < 2.3 V durante el sweep
50Hzto500Hz_400ms_50ms_div,XD_ALL0001_F0001,4,0.776,0.392,-0.384,0.392,2.3,0,0,0,0,automático,|V| < 2.3 V durante el sweep
50Hzto500Hz_400ms_50ms_div,XD_ALL0002_F0002,1,3.28,1.72,-1.56,1.72,2.3,0,0,0,0,automático,|V| < 2.3 V durante el sweep
50Hzto500Hz_400ms_50ms_div,XD_ALL0002_F0002,2,3.64,1.92,-1.72,1.92,2.3,0,0,0,0,automático,|V| < 2.3 V durante el sweep
50Hzto500Hz_400ms_50ms_div,XD_ALL0002_F0002,3,0.272,0.11,-0.162,0.162,2.3,0,0,0,0,automático,|V| < 2.3 V durante el sweep
50Hzto500Hz_400ms_50ms_div,XD_ALL0002_F0002,4,0.784,0.752,-0.032,0.752,2.3,0,0,0,0,automático,|V| < 2.3 V durante el sweep
50Hzto500Hz_400ms_50ms_div,Osciloscopio_ALL0000_F0000,1,1.16,0.68,-0.48,0.68,2.3,0,0,0,0,automático,|V| < 2.3 V durante el sweep
50Hzto500Hz_400ms_50ms_div,Osciloscopio_ALL0000_F0000,2,1.48,0.92,-0.56,0.92,2.3,0,0,0,0,automático,|V| < 2.3 V durante el sweep
50Hzto500Hz_400ms_50ms_div,Osciloscopio_ALL0000_F0000,3,0.76,0.4,-0.36,0.4,2.3,0,0,0,0,automático,|V| < 2.3 V durante el sweep
50Hzto500Hz_400ms_50ms_div,Osciloscopio_ALL0000_F0000,4,1.6,1.12,-0.48,1.12,2.3,0,0,0,0,automático,|V| < 2.3 V durante el sweep
50Hzto500Hz_400ms_50ms_div,Osciloscopio_calibracion_2026-07-21_ALL0001_F0001,1,3.88,2.04,-1.84,2.04,2.3,0,0,0,0,automático,|V| < 2.3 V durante el sweep
50Hzto500Hz_400ms_50ms_div,Osciloscopio_calibracion_2026-07-21_ALL0001_F0001,2,4.32,2.44,-1.88,2.44,2.3,125,0.0694444444444444,1,1,automático,|V| >= 2.3 V durante el sweep
50Hzto500Hz_400ms_50ms_div,Osciloscopio_calibracion_2026-07-21_ALL0001_F0001,3,1.112,0.72,-0.392,0.72,2.3,0,0,0,0,automático,|V| < 2.3 V durante el sweep
50Hzto500Hz_400ms_50ms_div,Osciloscopio_calibracion_2026-07-21_ALL0001_F0001,4,4.84,2.44,-2.4,2.44,2.3,407,0.226111111111111,1,1,automático,|V| >= 2.3 V durante el sweep
50Hzto500Hz_400ms_50ms_div,Osciloscopio_calibracion_2026-07-21_ALL0002_F0002,1,3.36,1.84,-1.52,1.84,2.3,0,0,0,0,automático,|V| < 2.3 V durante el sweep
50Hzto500Hz_400ms_50ms_div,Osciloscopio_calibracion_2026-07-21_ALL0002_F0002,2,3.64,2.04,-1.6,2.04,2.3,0,0,0,0,automático,|V| < 2.3 V durante el sweep
50Hzto500Hz_400ms_50ms_div,Osciloscopio_calibracion_2026-07-21_ALL0002_F0002,3,1.04,0.632,-0.408,0.632,2.3,0,0,0,0,automático,|V| < 2.3 V durante el sweep
50Hzto500Hz_400ms_50ms_div,Osciloscopio_calibracion_2026-07-21_ALL0002_F0002,4,4.4,2.44,-1.96,2.44,2.3,155,0.0861111111111111,1,1,automático,|V| >= 2.3 V durante el sweep
50Hzto500Hz_400ms_50ms_div,Osciloscopio_calibracion_2026-07-21_ALL0003_F0003,1,3.04,1.68,-1.36,1.68,2.3,0,0,0,0,automático,|V| < 2.3 V durante el sweep
50Hzto500Hz_400ms_50ms_div,Osciloscopio_calibracion_2026-07-21_ALL0003_F0003,2,3.36,1.92,-1.44,1.92,2.3,0,0,0,0,automático,|V| < 2.3 V durante el sweep
50Hzto500Hz_400ms_50ms_div,Osciloscopio_calibracion_2026-07-21_ALL0003_F0003,3,0.872,0.576,-0.296,0.576,2.3,0,0,0,0,automático,|V| < 2.3 V durante el sweep
50Hzto500Hz_400ms_50ms_div,Osciloscopio_calibracion_2026-07-21_ALL0003_F0003,4,4.16,2.4,-1.76,2.4,2.3,32,0.0177777777777778,1,1,automático,|V| >= 2.3 V durante el sweep
50Hzto500Hz_400ms_50ms_div,Osciloscopio_calibracion_2026-07-21_ALL0004_F0004,1,3.04,1.68,-1.36,1.68,2.3,0,0,0,0,automático,|V| < 2.3 V durante el sweep
50Hzto500Hz_400ms_50ms_div,Osciloscopio_calibracion_2026-07-21_ALL0004_F0004,2,3.32,1.84,-1.48,1.84,2.3,0,0,0,0,automático,|V| < 2.3 V durante el sweep
50Hzto500Hz_400ms_50ms_div,Osciloscopio_calibracion_2026-07-21_ALL0004_F0004,3,0.864,0.576,-0.288,0.576,2.3,0,0,0,0,automático,|V| < 2.3 V durante el sweep
50Hzto500Hz_400ms_50ms_div,Osciloscopio_calibracion_2026-07-21_ALL0004_F0004,4,4.16,2.4,-1.76,2.4,2.3,23,0.0127777777777778,1,1,automático,|V| >= 2.3 V durante el sweep
100Hzto1kHz_200ms_25ms_div,ALL0006_F0006,1,3.24,1.64,-1.6,1.64,2.3,0,0,0,0,automático,|V| < 2.3 V durante el sweep
100Hzto1kHz_200ms_25ms_div,ALL0006_F0006,2,3.72,1.92,-1.8,1.92,2.3,0,0,0,0,automático,|V| < 2.3 V durante el sweep
100Hzto1kHz_200ms_25ms_div,ALL0006_F0006,3,0.344,0.164,-0.18,0.18,2.3,0,0,0,0,automático,|V| < 2.3 V durante el sweep
100Hzto1kHz_200ms_25ms_div,ALL0006_F0006,4,0.752,0.36,-0.392,0.392,2.3,0,0,0,0,automático,|V| < 2.3 V durante el sweep
100Hzto1kHz_200ms_25ms_div,ALL0007_F0007,1,2.96,1.48,-1.48,1.48,2.3,0,0,0,0,automático,|V| < 2.3 V durante el sweep
100Hzto1kHz_200ms_25ms_div,ALL0007_F0007,2,3.4,1.76,-1.64,1.76,2.3,0,0,0,0,automático,|V| < 2.3 V durante el sweep
100Hzto1kHz_200ms_25ms_div,ALL0007_F0007,3,0.328,0.16,-0.168,0.168,2.3,0,0,0,0,automático,|V| < 2.3 V durante el sweep
100Hzto1kHz_200ms_25ms_div,ALL0007_F0007,4,0.688,0.344,-0.344,0.344,2.3,0,0,0,0,automático,|V| < 2.3 V durante el sweep
250Hzto2.5kHz_80ms_10ms_div,ALL0005_F0005,1,3.28,1.64,-1.64,1.64,2.3,0,0,0,0,automático,|V| < 2.3 V durante el sweep
250Hzto2.5kHz_80ms_10ms_div,ALL0005_F0005,2,4.56,2.32,-2.24,2.32,2.3,3,0.00166574125485841,1,1,automático,|V| >= 2.3 V durante el sweep
250Hzto2.5kHz_80ms_10ms_div,ALL0005_F0005,3,0.648,0.32,-0.328,0.328,2.3,0,0,0,0,automático,|V| < 2.3 V durante el sweep
250Hzto2.5kHz_80ms_10ms_div,ALL0005_F0005,4,0.664,0.32,-0.344,0.344,2.3,0,0,0,0,automático,|V| < 2.3 V durante el sweep
250Hzto2.5kHz_80ms_10ms_div,ALL0006_F0006,1,3.28,1.64,-1.64,1.64,2.3,0,0,0,0,automático,|V| < 2.3 V durante el sweep
250Hzto2.5kHz_80ms_10ms_div,ALL0006_F0006,2,4.6,2.36,-2.24,2.36,2.3,3,0.00166574125485841,1,1,automático,|V| >= 2.3 V durante el sweep
250Hzto2.5kHz_80ms_10ms_div,ALL0006_F0006,3,0.688,0.352,-0.336,0.352,2.3,0,0,0,0,automático,|V| < 2.3 V durante el sweep
250Hzto2.5kHz_80ms_10ms_div,ALL0006_F0006,4,0.688,0.352,-0.336,0.352,2.3,0,0,0,0,automático,|V| < 2.3 V durante el sweep
250Hzto2.5kHz_80ms_10ms_div,Osciloscopio_ALL0000_F0000,1,1.28,0.76,-0.52,0.76,2.3,0,0,0,0,automático,|V| < 2.3 V durante el sweep
250Hzto2.5kHz_80ms_10ms_div,Osciloscopio_ALL0000_F0000,2,1.48,0.82,-0.66,0.82,2.3,0,0,0,0,automático,|V| < 2.3 V durante el sweep
250Hzto2.5kHz_80ms_10ms_div,Osciloscopio_ALL0000_F0000,3,0.7,0.34,-0.36,0.36,2.3,0,0,0,0,automático,|V| < 2.3 V durante el sweep
250Hzto2.5kHz_80ms_10ms_div,Osciloscopio_ALL0000_F0000,4,0.76,0.68,-0.08,0.68,2.3,0,0,0,0,automático,|V| < 2.3 V durante el sweep
250Hzto2.5kHz_80ms_10ms_div,Osciloscopio_calibracion_2026-07-21_ALL0001_F0001,1,1.44,0.86,-0.58,0.86,2.3,0,0,0,0,automático,|V| < 2.3 V durante el sweep
250Hzto2.5kHz_80ms_10ms_div,Osciloscopio_calibracion_2026-07-21_ALL0001_F0001,2,0.04,0.04,0,0.04,2.3,0,0,0,0,automático,|V| < 2.3 V durante el sweep
250Hzto2.5kHz_80ms_10ms_div,Osciloscopio_calibracion_2026-07-21_ALL0001_F0001,3,0.32,0.36,0.04,0.36,2.3,0,0,0,0,automático,|V| < 2.3 V durante el sweep
250Hzto2.5kHz_80ms_10ms_div,Osciloscopio_calibracion_2026-07-21_ALL0001_F0001,4,0.936,0.6,-0.336,0.6,2.3,0,0,0,0,automático,|V| < 2.3 V durante el sweep
250Hzto2.5kHz_80ms_10ms_div,Osciloscopio_calibracion_2026-07-21_ALL0002_F0002,1,2.72,1.52,-1.2,1.52,2.3,0,0,0,0,automático,|V| < 2.3 V durante el sweep
250Hzto2.5kHz_80ms_10ms_div,Osciloscopio_calibracion_2026-07-21_ALL0002_F0002,2,3.84,2.12,-1.72,2.12,2.3,0,0,0,0,automático,|V| < 2.3 V durante el sweep
250Hzto2.5kHz_80ms_10ms_div,Osciloscopio_calibracion_2026-07-21_ALL0002_F0002,3,0.528,0.4,-0.128,0.4,2.3,0,0,0,0,automático,|V| < 2.3 V durante el sweep
250Hzto2.5kHz_80ms_10ms_div,Osciloscopio_calibracion_2026-07-21_ALL0002_F0002,4,1.92,1.2,-0.72,1.2,2.3,0,0,0,0,automático,|V| < 2.3 V durante el sweep
250Hzto2.5kHz_80ms_10ms_div,Osciloscopio_calibracion_2026-07-21_ALL0003_F0003,1,2.72,1.52,-1.2,1.52,2.3,0,0,0,0,automático,|V| < 2.3 V durante el sweep
250Hzto2.5kHz_80ms_10ms_div,Osciloscopio_calibracion_2026-07-21_ALL0003_F0003,2,3.76,2.08,-1.68,2.08,2.3,0,0,0,0,automático,|V| < 2.3 V durante el sweep
250Hzto2.5kHz_80ms_10ms_div,Osciloscopio_calibracion_2026-07-21_ALL0003_F0003,3,0.544,0.4,-0.144,0.4,2.3,0,0,0,0,automático,|V| < 2.3 V durante el sweep
250Hzto2.5kHz_80ms_10ms_div,Osciloscopio_calibracion_2026-07-21_ALL0003_F0003,4,1.88,1.24,-0.64,1.24,2.3,0,0,0,0,automático,|V| < 2.3 V durante el sweep
250Hzto2.5kHz_80ms_10ms_div,Osciloscopio_calibracion_2026-07-21_ALL0004_F0004,1,2.72,1.52,-1.2,1.52,2.3,0,0,0,0,automático,|V| < 2.3 V durante el sweep
250Hzto2.5kHz_80ms_10ms_div,Osciloscopio_calibracion_2026-07-21_ALL0004_F0004,2,3.84,2.08,-1.76,2.08,2.3,0,0,0,0,automático,|V| < 2.3 V durante el sweep
250Hzto2.5kHz_80ms_10ms_div,Osciloscopio_calibracion_2026-07-21_ALL0004_F0004,3,0.544,0.408,-0.136,0.408,2.3,0,0,0,0,automático,|V| < 2.3 V durante el sweep
250Hzto2.5kHz_80ms_10ms_div,Osciloscopio_calibracion_2026-07-21_ALL0004_F0004,4,1.8,1.2,-0.6,1.2,2.3,0,0,0,0,automático,|V| < 2.3 V durante el sweep
1kHzto10kHz_20ms_2.5ms_div,ALL0003_F0003,1,1.68,0.88,-0.8,0.88,2.3,0,0,0,0,automático,|V| < 2.3 V durante el sweep
1kHzto10kHz_20ms_2.5ms_div,ALL0003_F0003,2,4.88,2.48,-2.4,2.48,2.3,103,0.0571904497501388,1,1,automático,|V| >= 2.3 V durante el sweep
1kHzto10kHz_20ms_2.5ms_div,ALL0003_F0003,3,1.544,0.76,-0.784,0.784,2.3,0,0,0,0,automático,|V| < 2.3 V durante el sweep
1kHzto10kHz_20ms_2.5ms_div,ALL0003_F0003,4,0.154,0.076,-0.078,0.078,2.3,0,0,0,0,automático,|V| < 2.3 V durante el sweep
1kHzto10kHz_20ms_2.5ms_div,ALL0004_F0004,1,1.06,0.56,-0.5,0.56,2.3,0,0,0,0,automático,|V| < 2.3 V durante el sweep
1kHzto10kHz_20ms_2.5ms_div,ALL0004_F0004,2,4,2.04,-1.96,2.04,2.3,0,0,0,0,automático,|V| < 2.3 V durante el sweep
1kHzto10kHz_20ms_2.5ms_div,ALL0004_F0004,3,1.024,0.52,-0.504,0.52,2.3,0,0,0,0,automático,|V| < 2.3 V durante el sweep
1kHzto10kHz_20ms_2.5ms_div,ALL0004_F0004,4,0.122,0.058,-0.064,0.064,2.3,0,0,0,0,automático,|V| < 2.3 V durante el sweep
1kHzto10kHz_20ms_2.5ms_div,Osciloscopio_ALL0000_F0000,1,1.76,0.96,-0.8,0.96,2.3,0,0,0,0,automático,|V| < 2.3 V durante el sweep
1kHzto10kHz_20ms_2.5ms_div,Osciloscopio_ALL0000_F0000,2,3.14,1.68,-1.46,1.68,2.3,0,0,0,0,automático,|V| < 2.3 V durante el sweep
1kHzto10kHz_20ms_2.5ms_div,Osciloscopio_ALL0000_F0000,3,0.84,0.456,-0.384,0.456,2.3,0,0,0,0,automático,|V| < 2.3 V durante el sweep
1kHzto10kHz_20ms_2.5ms_div,Osciloscopio_ALL0000_F0000,4,0.688,0.712,0.024,0.712,2.3,0,0,0,0,automático,|V| < 2.3 V durante el sweep
1kHzto10kHz_20ms_2.5ms_div,Osciloscopio_calibracion_2026-07-21_ALL0001_F0001,1,1.78,1.04,-0.74,1.04,2.3,0,0,0,0,automático,|V| < 2.3 V durante el sweep
1kHzto10kHz_20ms_2.5ms_div,Osciloscopio_calibracion_2026-07-21_ALL0001_F0001,2,4.84,2.44,-2.4,2.44,2.3,99,0.0549694614103276,1,1,automático,|V| >= 2.3 V durante el sweep
1kHzto10kHz_20ms_2.5ms_div,Osciloscopio_calibracion_2026-07-21_ALL0001_F0001,3,1.42,0.88,-0.54,0.88,2.3,0,0,0,0,automático,|V| < 2.3 V durante el sweep
1kHzto10kHz_20ms_2.5ms_div,Osciloscopio_calibracion_2026-07-21_ALL0001_F0001,4,0.176,0.24,0.064,0.24,2.3,0,0,0,0,automático,|V| < 2.3 V durante el sweep
1kHzto10kHz_20ms_2.5ms_div,Osciloscopio_calibracion_2026-07-21_ALL0002_F0002,1,1.12,0.68,-0.44,0.68,2.3,0,0,0,0,automático,|V| < 2.3 V durante el sweep
1kHzto10kHz_20ms_2.5ms_div,Osciloscopio_calibracion_2026-07-21_ALL0002_F0002,2,3.76,2.08,-1.68,2.08,2.3,0,0,0,0,automático,|V| < 2.3 V durante el sweep
1kHzto10kHz_20ms_2.5ms_div,Osciloscopio_calibracion_2026-07-21_ALL0002_F0002,3,0.94,0.66,-0.28,0.66,2.3,0,0,0,0,automático,|V| < 2.3 V durante el sweep
1kHzto10kHz_20ms_2.5ms_div,Osciloscopio_calibracion_2026-07-21_ALL0002_F0002,4,0.16,0.184,0.024,0.184,2.3,0,0,0,0,automático,|V| < 2.3 V durante el sweep
1kHzto10kHz_20ms_2.5ms_div,Osciloscopio_calibracion_2026-07-21_ALL0003_F0003,1,1.14,0.7,-0.44,0.7,2.3,0,0,0,0,automático,|V| < 2.3 V durante el sweep
1kHzto10kHz_20ms_2.5ms_div,Osciloscopio_calibracion_2026-07-21_ALL0003_F0003,2,4,2.12,-1.88,2.12,2.3,0,0,0,0,automático,|V| < 2.3 V durante el sweep
1kHzto10kHz_20ms_2.5ms_div,Osciloscopio_calibracion_2026-07-21_ALL0003_F0003,3,1.04,0.7,-0.34,0.7,2.3,0,0,0,0,automático,|V| < 2.3 V durante el sweep
1kHzto10kHz_20ms_2.5ms_div,Osciloscopio_calibracion_2026-07-21_ALL0003_F0003,4,0.056,0.136,0.08,0.136,2.3,0,0,0,0,automático,|V| < 2.3 V durante el sweep
1kHzto10kHz_20ms_2.5ms_div,Osciloscopio_calibracion_2026-07-21_ALL0004_F0004,1,0.7,0.48,-0.22,0.48,2.3,0,0,0,0,automático,|V| < 2.3 V durante el sweep
1kHzto10kHz_20ms_2.5ms_div,Osciloscopio_calibracion_2026-07-21_ALL0004_F0004,2,0.04,0.04,0,0.04,2.3,0,0,0,0,automático,|V| < 2.3 V durante el sweep
1kHzto10kHz_20ms_2.5ms_div,Osciloscopio_calibracion_2026-07-21_ALL0004_F0004,3,0.18,0.3,0.12,0.3,2.3,0,0,0,0,automático,|V| < 2.3 V durante el sweep
1kHzto10kHz_20ms_2.5ms_div,Osciloscopio_calibracion_2026-07-21_ALL0004_F0004,4,0.504,0.36,-0.144,0.36,2.3,0,0,0,0,automático,|V| < 2.3 V durante el sweep
5kHzto50kHz_4ms_500us_div,ALL0001_F0001,1,3.2,1.6,-1.6,1.6,2.3,0,0,0,0,automático,|V| < 2.3 V durante el sweep
5kHzto50kHz_4ms_500us_div,ALL0001_F0001,2,4.84,2.44,-2.4,2.44,2.3,24,0.0133259300388673,1,1,automático,|V| >= 2.3 V durante el sweep
5kHzto50kHz_4ms_500us_div,ALL0001_F0001,3,1.7,0.84,-0.86,0.86,2.3,0,0,0,0,automático,|V| < 2.3 V durante el sweep
5kHzto50kHz_4ms_500us_div,ALL0001_F0001,4,0.156,0.106,-0.05,0.106,2.3,0,0,0,0,automático,|V| < 2.3 V durante el sweep
5kHzto50kHz_4ms_500us_div,ALL0002_F0002,1,1.7,0.88,-0.82,0.88,2.3,0,0,0,0,automático,|V| < 2.3 V durante el sweep
5kHzto50kHz_4ms_500us_div,ALL0002_F0002,2,3.24,1.48,-1.76,1.76,2.3,0,0,0,0,automático,|V| < 2.3 V durante el sweep
5kHzto50kHz_4ms_500us_div,ALL0002_F0002,3,1.096,0.504,-0.592,0.592,2.3,0,0,0,0,automático,|V| < 2.3 V durante el sweep
5kHzto50kHz_4ms_500us_div,ALL0002_F0002,4,0.16,0.052,-0.108,0.108,2.3,0,0,0,0,automático,|V| < 2.3 V durante el sweep
5kHzto50kHz_4ms_500us_div,Osciloscopio_ALL0000_F0000,1,0.82,0.48,-0.34,0.48,2.3,0,0,0,0,automático,|V| < 2.3 V durante el sweep
5kHzto50kHz_4ms_500us_div,Osciloscopio_ALL0000_F0000,2,1.68,0.86,-0.82,0.86,2.3,0,0,0,0,automático,|V| < 2.3 V durante el sweep
5kHzto50kHz_4ms_500us_div,Osciloscopio_ALL0000_F0000,3,0.68,0.352,-0.328,0.352,2.3,0,0,0,0,automático,|V| < 2.3 V durante el sweep
5kHzto50kHz_4ms_500us_div,Osciloscopio_ALL0000_F0000,4,0.384,0.496,0.112,0.496,2.3,0,0,0,0,automático,|V| < 2.3 V durante el sweep
5kHzto50kHz_4ms_500us_div,Osciloscopio_calibracion_2026-07-21_ALL0001_F0001,1,3,1.52,-1.48,1.52,2.3,0,0,0,0,automático,|V| < 2.3 V durante el sweep
5kHzto50kHz_4ms_500us_div,Osciloscopio_calibracion_2026-07-21_ALL0001_F0001,2,4.48,2.28,-2.2,2.28,2.3,0,0,0,0,automático,|V| < 2.3 V durante el sweep
5kHzto50kHz_4ms_500us_div,Osciloscopio_calibracion_2026-07-21_ALL0001_F0001,3,1.6,0.82,-0.78,0.82,2.3,0,0,0,0,automático,|V| < 2.3 V durante el sweep
5kHzto50kHz_4ms_500us_div,Osciloscopio_calibracion_2026-07-21_ALL0001_F0001,4,0.12,0.08,-0.04,0.08,2.3,0,0,0,0,automático,|V| < 2.3 V durante el sweep
5kHzto50kHz_4ms_500us_div,Osciloscopio_calibracion_2026-07-21_ALL0002_F0002,1,1.74,0.88,-0.86,0.88,2.3,0,0,0,0,automático,|V| < 2.3 V durante el sweep
5kHzto50kHz_4ms_500us_div,Osciloscopio_calibracion_2026-07-21_ALL0002_F0002,2,3.64,2.04,-1.6,2.04,2.3,0,0,0,0,automático,|V| < 2.3 V durante el sweep
5kHzto50kHz_4ms_500us_div,Osciloscopio_calibracion_2026-07-21_ALL0002_F0002,3,1.088,0.568,-0.52,0.568,2.3,0,0,0,0,automático,|V| < 2.3 V durante el sweep
5kHzto50kHz_4ms_500us_div,Osciloscopio_calibracion_2026-07-21_ALL0002_F0002,4,0.138,0.074,-0.064,0.074,2.3,0,0,0,0,automático,|V| < 2.3 V durante el sweep
5kHzto50kHz_4ms_500us_div,Osciloscopio_calibracion_2026-07-21_ALL0003_F0003,1,2.06,1.06,-1,1.06,2.3,0,0,0,0,automático,|V| < 2.3 V durante el sweep
5kHzto50kHz_4ms_500us_div,Osciloscopio_calibracion_2026-07-21_ALL0003_F0003,2,4.04,1.92,-2.12,2.12,2.3,0,0,0,0,automático,|V| < 2.3 V durante el sweep
5kHzto50kHz_4ms_500us_div,Osciloscopio_calibracion_2026-07-21_ALL0003_F0003,3,1.248,0.568,-0.68,0.68,2.3,0,0,0,0,automático,|V| < 2.3 V durante el sweep
5kHzto50kHz_4ms_500us_div,Osciloscopio_calibracion_2026-07-21_ALL0003_F0003,4,0.142,0.08,-0.062,0.08,2.3,0,0,0,0,automático,|V| < 2.3 V durante el sweep
5kHzto50kHz_4ms_500us_div,Osciloscopio_calibracion_2026-07-21_ALL0004_F0004,1,2.38,1.36,-1.02,1.36,2.3,0,0,0,0,automático,|V| < 2.3 V durante el sweep
5kHzto50kHz_4ms_500us_div,Osciloscopio_calibracion_2026-07-21_ALL0004_F0004,2,4.48,2.24,-2.24,2.24,2.3,0,0,0,0,automático,|V| < 2.3 V durante el sweep
5kHzto50kHz_4ms_500us_div,Osciloscopio_calibracion_2026-07-21_ALL0004_F0004,3,1.3,0.86,-0.44,0.86,2.3,0,0,0,0,automático,|V| < 2.3 V durante el sweep
5kHzto50kHz_4ms_500us_div,Osciloscopio_calibracion_2026-07-21_ALL0004_F0004,4,0.128,0.376,0.248,0.376,2.3,0,0,0,0,automático,|V| < 2.3 V durante el sweep
20kHzto200kHz_1ms_100us_div,ALL0000_F0000,1,3.28,1.64,-1.64,1.64,2.3,0,0,0,0,automático,|V| < 2.3 V durante el sweep
20kHzto200kHz_1ms_100us_div,ALL0000_F0000,2,0.24,0.14,-0.1,0.14,2.3,0,0,0,0,automático,|V| < 2.3 V durante el sweep
20kHzto200kHz_1ms_100us_div,ALL0000_F0000,3,0.268,0.116,-0.152,0.152,2.3,0,0,0,0,automático,|V| < 2.3 V durante el sweep
20kHzto200kHz_1ms_100us_div,ALL0000_F0000,4,0.174,0.072,-0.102,0.102,2.3,0,0,0,0,automático,|V| < 2.3 V durante el sweep
20kHzto200kHz_1ms_100us_div,Osciloscopio_root_F0000,1,0.34,0.26,-0.08,0.26,2.3,0,0,0,0,automático,|V| < 2.3 V durante el sweep
20kHzto200kHz_1ms_100us_div,Osciloscopio_root_F0000,2,0.62,0.46,-0.16,0.46,2.3,0,0,0,0,automático,|V| < 2.3 V durante el sweep
20kHzto200kHz_1ms_100us_div,Osciloscopio_root_F0000,3,0.552,0.336,-0.216,0.336,2.3,0,0,0,0,automático,|V| < 2.3 V durante el sweep
20kHzto200kHz_1ms_100us_div,Osciloscopio_root_F0000,4,0.56,0.528,-0.032,0.528,2.3,0,0,0,0,automático,|V| < 2.3 V durante el sweep
20kHzto200kHz_1ms_100us_div,Osciloscopio_calibracion_2026-07-21_ALL0000_F0000,1,2.76,1.4,-1.36,1.4,2.3,0,0,0,0,automático,|V| < 2.3 V durante el sweep
20kHzto200kHz_1ms_100us_div,Osciloscopio_calibracion_2026-07-21_ALL0000_F0000,2,0.224,0.096,-0.128,0.128,2.3,0,0,0,0,automático,|V| < 2.3 V durante el sweep
20kHzto200kHz_1ms_100us_div,Osciloscopio_calibracion_2026-07-21_ALL0000_F0000,3,0.248,0.112,-0.136,0.136,2.3,0,0,0,0,automático,|V| < 2.3 V durante el sweep
20kHzto200kHz_1ms_100us_div,Osciloscopio_calibracion_2026-07-21_ALL0000_F0000,4,0.22,0.28,0.06,0.28,2.3,0,0,0,0,automático,|V| < 2.3 V durante el sweep
20kHzto200kHz_1ms_100us_div,Osciloscopio_calibracion_2026-07-21_ALL0001_F0001,1,4,1.96,-2.04,2.04,2.3,0,0,0,0,automático,|V| < 2.3 V durante el sweep
20kHzto200kHz_1ms_100us_div,Osciloscopio_calibracion_2026-07-21_ALL0001_F0001,2,0.032,0.016,-0.016,0.016,2.3,0,0,0,0,automático,|V| < 2.3 V durante el sweep
20kHzto200kHz_1ms_100us_div,Osciloscopio_calibracion_2026-07-21_ALL0001_F0001,3,0.272,0.14,-0.132,0.14,2.3,0,0,0,0,automático,|V| < 2.3 V durante el sweep
20kHzto200kHz_1ms_100us_div,Osciloscopio_calibracion_2026-07-21_ALL0001_F0001,4,0.18,0.14,-0.04,0.14,2.3,0,0,0,0,automático,|V| < 2.3 V durante el sweep
20kHzto200kHz_1ms_100us_div,Osciloscopio_calibracion_2026-07-21_ALL0002_F0002,1,3.88,1.92,-1.96,1.96,2.3,0,0,0,0,automático,|V| < 2.3 V durante el sweep
20kHzto200kHz_1ms_100us_div,Osciloscopio_calibracion_2026-07-21_ALL0002_F0002,2,0.088,0.04,-0.048,0.048,2.3,0,0,0,0,automático,|V| < 2.3 V durante el sweep
20kHzto200kHz_1ms_100us_div,Osciloscopio_calibracion_2026-07-21_ALL0002_F0002,3,0.304,0.148,-0.156,0.156,2.3,0,0,0,0,automático,|V| < 2.3 V durante el sweep
20kHzto200kHz_1ms_100us_div,Osciloscopio_calibracion_2026-07-21_ALL0002_F0002,4,0.2,0.04,-0.16,0.16,2.3,0,0,0,0,automático,|V| < 2.3 V durante el sweep
20kHzto200kHz_1ms_100us_div,Osciloscopio_calibracion_2026-07-21_ALL0003_F0003,1,3.68,1.88,-1.8,1.88,2.3,0,0,0,0,automático,|V| < 2.3 V durante el sweep
20kHzto200kHz_1ms_100us_div,Osciloscopio_calibracion_2026-07-21_ALL0003_F0003,2,0.032,0.016,-0.016,0.016,2.3,0,0,0,0,automático,|V| < 2.3 V durante el sweep
20kHzto200kHz_1ms_100us_div,Osciloscopio_calibracion_2026-07-21_ALL0003_F0003,3,0.232,0.116,-0.116,0.116,2.3,0,0,0,0,automático,|V| < 2.3 V durante el sweep
20kHzto200kHz_1ms_100us_div,Osciloscopio_calibracion_2026-07-21_ALL0003_F0003,4,0.16,0.24,0.08,0.24,2.3,0,0,0,0,automático,|V| < 2.3 V durante el sweep
20kHzto200kHz_1ms_100us_div,Osciloscopio_calibracion_2026-07-21_ALL0004_F0004,1,3.4,1.72,-1.68,1.72,2.3,0,0,0,0,automático,|V| < 2.3 V durante el sweep
20kHzto200kHz_1ms_100us_div,Osciloscopio_calibracion_2026-07-21_ALL0004_F0004,2,0.032,0.016,-0.016,0.016,2.3,0,0,0,0,automático,|V| < 2.3 V durante el sweep
20kHzto200kHz_1ms_100us_div,Osciloscopio_calibracion_2026-07-21_ALL0004_F0004,3,0.232,0.116,-0.116,0.116,2.3,0,0,0,0,automático,|V| < 2.3 V durante el sweep
20kHzto200kHz_1ms_100us_div,Osciloscopio_calibracion_2026-07-21_ALL0004_F0004,4,0.2,0.08,-0.12,0.12,2.3,0,0,0,0,automático,|V| < 2.3 V durante el sweep
